#id,id_mumber,full_name,birthdate,birthplace,modification,jobTitle,firstname,lastname,departement,description

1,851-04-9195,Olive Bruneton,6/19/2018,China,12/7/2017,Civil Engineer,Olive,Bruneton,Training,Shanghai Ocean University
2,323-39-2245,Cesaro Dunnett,4/11/2018,Philippines,6/13/2018,Technical Writer,Cesaro,Dunnett,Research and Development,University of the Philippines Manila
3,765-47-7438,Jessica Orviss,3/7/2018,China,6/2/2018,Design Engineer,Jessica,Orviss,Legal,University of Electronic Science and Technology of China
4,752-37-1757,Marley Doyle,10/7/2018,Portugal,12/4/2017,Nurse Practicioner,Marley,Doyle,Sales,Universidade Lusófona de Humanidades e Technologias
5,353-60-0484,Oswell O'Doghesty,5/20/2018,Philippines,5/7/2018,Product Engineer,Oswell,O'Doghesty,Training,Ateneo de Zamboanga University
6,171-26-3375,Clarissa Dryden,10/24/2017,Indonesia,2/17/2018,Statistician II,Clarissa,Dryden,Engineering,Universitas Negeri Surabaya
7,382-67-1790,Stacee Daft,8/10/2018,Russia,7/22/2018,Executive Secretary,Stacee,Daft,Legal,State University of Management
8,637-61-1650,Stefania Skein,5/20/2018,Poland,10/6/2018,Account Representative I,Stefania,Skein,Sales,Leon Kozminski Academy of Entrepreneurship and Mangement
9,650-48-3012,Ash Tock,9/16/2018,Indonesia,2/27/2018,Financial Advisor,Ash,Tock,Services,Universitas Negeri Yogyakarta
10,689-92-8023,Elmira Crepin,6/25/2018,China,6/27/2018,Compensation Analyst,Elmira,Crepin,Human Resources,Central China Normal University
11,395-54-8727,Hasheem Brayne,7/8/2018,Indonesia,8/14/2018,Help Desk Technician,Hasheem,Brayne,Business Development,Universitas Sebelas Maret
12,849-45-8986,Griffith Hockey,9/23/2018,Uganda,3/22/2018,Computer Systems Analyst I,Griffith,Hockey,Research and Development,Ndejje University
13,541-50-8353,Arlene Angell,7/1/2018,China,11/2/2017,Software Consultant,Arlene,Angell,Marketing,Henan Agriculture University
14,881-08-3131,Sheff Vanns,7/2/2018,China,9/11/2018,Analog Circuit Design manager,Sheff,Vanns,Legal,Shanghai Second Medical University
15,298-59-5485,Margo Bamb,11/19/2017,Poland,11/4/2017,Internal Auditor,Margo,Bamb,Marketing,Medical Academy in Wroclaw
16,692-85-3542,Tamara Lardge,7/29/2018,Greece,4/29/2018,Community Outreach Specialist,Tamara,Lardge,Training,Technological Education Institute of Kavala
17,785-45-0776,Latrena Cowterd,8/10/2018,Japan,7/20/2018,Information Systems Manager,Latrena,Cowterd,Accounting,Ibaraki Prefectural University of Health Sciences
18,532-40-5248,Andrew McKag,6/4/2018,China,6/21/2018,Assistant Media Planner,Andrew,McKag,Engineering,Shanghai Customs College
19,785-67-3625,Devon Verbrugghen,10/26/2017,Venezuela,2/24/2018,Budget/Accounting Analyst III,Devon,Verbrugghen,Engineering,Universidad Santa Maria Caracas
20,871-20-2963,Amargo Dulwich,9/8/2018,Brazil,8/4/2018,Administrative Assistant III,Amargo,Dulwich,Support,Fundação Educacional de Ituverava
21,224-14-4232,Evie Minmagh,12/21/2017,Nicaragua,6/1/2018,Database Administrator I,Evie,Minmagh,Product Management,Universidad Nicaragüense de Ciencia y Tecnológica
22,249-71-7227,Reyna Oddie,11/11/2017,China,9/14/2018,Nurse,Reyna,Oddie,Engineering,Liaoning Technical University
23,818-80-2404,Carny Milkeham,11/6/2017,China,6/16/2018,Nurse,Carny,Milkeham,Product Management,Hohai University Changzhou
24,254-99-3341,Danielle Cobden,5/14/2018,China,6/9/2018,Office Assistant II,Danielle,Cobden,Accounting,Southwest Petroleum University
25,192-23-0737,Leoline Harbert,9/7/2018,China,9/8/2018,Biostatistician III,Leoline,Harbert,Product Management,Shenyang University
26,169-61-1368,Dunc Ansty,8/13/2018,Indonesia,4/15/2018,Research Assistant IV,Dunc,Ansty,Engineering,Sekolah Tinggi Akuntansi Negara (STAN)
27,770-17-5802,Mohammed Roke,10/26/2017,Indonesia,6/15/2018,Staff Accountant III,Mohammed,Roke,Research and Development,Universitas Komputer Indonesia
28,173-39-1568,Steffie MacPharlain,5/12/2018,China,9/29/2018,Office Assistant II,Steffie,MacPharlain,Support,Sichuan University
29,220-09-4162,Lindsay Oley,1/10/2018,Brazil,3/18/2018,Director of Sales,Lindsay,Oley,Accounting,Faculdade Jaguariúna
30,644-60-7607,Aeriell Featley,12/19/2017,Vietnam,2/22/2018,Operator,Aeriell,Featley,Business Development,Hanoi University of Science & Technology
31,731-28-9613,Ado Colbert,11/18/2017,Russia,5/9/2018,Administrative Assistant I,Ado,Colbert,Accounting,Kazan State University of Medicine
32,152-44-1305,Adara Cianelli,12/19/2017,Japan,6/23/2018,Assistant Manager,Adara,Cianelli,Legal,Hokkaido Institute of Pharmaceutical Sciences
33,732-27-2526,Lovell Wishkar,10/22/2017,China,1/1/2018,Recruiting Manager,Lovell,Wishkar,Support,Xinjiang Normal University
34,355-70-3051,Selie Screas,12/1/2017,Philippines,6/11/2018,Safety Technician III,Selie,Screas,Sales,Manuel S. Enverga University Foundation
35,185-52-3347,Sapphira Cominello,3/19/2018,Philippines,6/11/2018,Account Coordinator,Sapphira,Cominello,Legal,University of Mindanao
36,700-48-0297,Barbi Turk,12/19/2017,Ireland,3/15/2018,Research Assistant I,Barbi,Turk,Engineering,University of Limerick
37,881-04-3464,Briggs Bernier,8/11/2018,Brazil,11/2/2017,VP Sales,Briggs,Bernier,Support,Universidade Vale do Paraiba
38,128-92-3773,Kimberley Clyant,9/29/2018,China,6/2/2018,Food Chemist,Kimberley,Clyant,Support,Nanjing University of Posts and Telecommunications
39,718-40-5087,Edlin Reyne,11/25/2017,Poland,6/17/2018,Administrative Assistant I,Edlin,Reyne,Support,Academy of International Economic and Political Relations Gdynia
40,698-40-0433,Cordy Moncrefe,12/28/2017,Latvia,11/8/2017,Marketing Manager,Cordy,Moncrefe,Services,Riga Technical University
41,518-23-4634,Cammie Whellans,7/1/2018,Indonesia,4/12/2018,Engineer IV,Cammie,Whellans,Support,Universitas Negeri Padang
42,487-28-4812,Verney Blondin,3/29/2018,China,4/1/2018,Administrative Assistant I,Verney,Blondin,Accounting,Jilin University
43,170-70-4312,Ed Hansed,10/10/2018,Poland,2/16/2018,Pharmacist,Ed,Hansed,Accounting,Physical Education Academy in Katowice
44,692-13-5823,Dorothea Pethrick,7/17/2018,China,2/20/2018,Mechanical Systems Engineer,Dorothea,Pethrick,Research and Development,Chongqing Education College
45,234-79-6307,Terrence Letterese,12/5/2017,China,9/19/2018,Design Engineer,Terrence,Letterese,Training,Shandong University of Art and Design
46,772-14-4146,Earvin Boyle,2/7/2018,Russia,5/15/2018,Technical Writer,Earvin,Boyle,Product Management,Vologda State Pedagogical University
47,463-46-3301,Noellyn Ox,9/25/2018,China,6/28/2018,Technical Writer,Noellyn,Ox,Sales,Xinjiang Agriculture University
48,698-56-5019,Kaitlynn Nealy,11/5/2017,China,1/17/2018,Account Representative I,Kaitlynn,Nealy,Human Resources,Henan Buddhist College
49,835-45-8332,Bride Bedle,11/15/2017,Ethiopia,10/21/2017,Human Resources Manager,Bride,Bedle,Legal,Arba Minch University
50,390-44-6801,Lefty Alforde,6/21/2018,Ecuador,12/16/2017,Associate Professor,Lefty,Alforde,Legal,Escuela Politécnica del Ejercito
51,858-20-9135,Dedra Billborough,7/16/2018,Philippines,12/1/2017,Health Coach IV,Dedra,Billborough,Engineering,Bulacan State University
52,202-92-2881,Cathryn Pagin,5/15/2018,Indonesia,12/28/2017,Actuary,Cathryn,Pagin,Support,Universitas Wijaya Kusuma Surabaya
53,117-78-4311,Karoly Hearthfield,9/12/2018,United States,11/14/2017,VP Marketing,Karoly,Hearthfield,Training,Amherst College
54,813-12-2922,Winnah Bodycomb,6/29/2018,Indonesia,4/30/2018,Structural Analysis Engineer,Winnah,Bodycomb,Product Management,Universitas Tidar Magelang
55,482-18-2795,Lynette Insley,4/24/2018,Indonesia,1/8/2018,Help Desk Technician,Lynette,Insley,Research and Development,Universitas Jayabaya
56,894-68-7377,Lyndell Antonelli,10/7/2018,Republic of the Congo,3/12/2018,Clinical Specialist,Lyndell,Antonelli,Research and Development,University Marien Ngouabi Brazzaville
57,777-89-0098,Myrah Rugiero,1/23/2018,Niger,3/3/2018,Database Administrator III,Myrah,Rugiero,Training,Université Abdou Moumouni de Niamey
58,865-86-2636,Wilek Dunford,6/27/2018,Thailand,4/17/2018,Structural Analysis Engineer,Wilek,Dunford,Product Management,Lampang Vocational College   
59,178-83-7540,Bernadina Wannop,11/21/2017,Chile,9/18/2018,Quality Engineer,Bernadina,Wannop,Sales,Universidad La Republica
60,738-93-5485,Rayna Dankersley,6/26/2018,Brazil,8/31/2018,Tax Accountant,Rayna,Dankersley,Legal,Universidade Camilo Castelo Branco
61,686-42-9327,Janeva Jeffress,7/26/2018,China,12/19/2017,Health Coach III,Janeva,Jeffress,Support,China Agricultural University
62,421-88-9020,Inger Kinsley,1/9/2018,Uruguay,3/3/2018,Human Resources Assistant IV,Inger,Kinsley,Sales,Universidad Católica del Uruguay
63,657-63-4674,Hercule Terram,3/3/2018,El Salvador,11/11/2017,Physical Therapy Assistant,Hercule,Terram,Marketing,Universidad de Oriente
64,385-11-7369,Rivalee Luno,5/17/2018,China,5/26/2018,Software Consultant,Rivalee,Luno,Research and Development,Sichuan International Studies University
65,284-78-6517,Trueman Manueli,11/27/2017,Ukraine,1/28/2018,Statistician III,Trueman,Manueli,Human Resources,Lviv Medical University
66,187-86-2938,Jeniffer Dive,1/26/2018,Greece,3/2/2018,Environmental Tech,Jeniffer,Dive,Training,Athens Laboratory of Business Administration (ALBA)
67,868-79-2389,Giles Worboys,3/23/2018,Tanzania,1/18/2018,Automation Specialist I,Giles,Worboys,Legal,Mwalimu Nyerere Memorial Academy
68,507-19-7033,Lorant Gethen,1/27/2018,Indonesia,6/14/2018,VP Sales,Lorant,Gethen,Accounting,Universitas Bhayangkara Surabaya
69,416-98-4554,Judy Lelievre,5/12/2018,Russia,8/10/2018,Director of Sales,Judy,Lelievre,Business Development,St. Petersburg State Technological University of Plant Polymers
70,777-68-4922,Emelyne Hessentaler,11/16/2017,Pakistan,12/9/2017,VP Sales,Emelyne,Hessentaler,Engineering,Asia Pacific Institute of Information Technology Pakistan (APIIT PAK)
71,846-11-0365,Fonz Wondraschek,1/15/2018,Russia,12/24/2017,VP Marketing,Fonz,Wondraschek,Product Management,Plekhanov Russian Academy of Economics
72,583-31-2171,Kacey Gero,3/19/2018,China,12/12/2017,Clinical Specialist,Kacey,Gero,Training,Zhejiang Sci-Tech University 
73,450-27-1693,Alfie Daville,12/5/2017,China,5/27/2018,Teacher,Alfie,Daville,Research and Development,Hebei Agricultural University
74,790-48-9607,Emile Creed,2/14/2018,Vietnam,3/13/2018,VP Quality Control,Emile,Creed,Services,Ho Chi Minh City University of Architecture
75,160-97-5151,Minni Obin,7/2/2018,Argentina,9/5/2018,Librarian,Minni,Obin,Services,Universidad Nacional de La Plata
76,870-42-7002,Isa Harcombe,4/2/2018,Mongolia,9/24/2018,Junior Executive,Isa,Harcombe,Support,Mongolian State University of Education
77,826-75-9844,Herc Bruce,10/9/2018,China,12/27/2017,Community Outreach Specialist,Herc,Bruce,Support,Tianjin University of Commerce
78,674-49-4437,Carling McAline,12/25/2017,Uruguay,9/3/2018,Assistant Professor,Carling,McAline,Research and Development,Universidad Católica del Uruguay
79,648-53-1997,Henrieta Bunker,4/29/2018,South Africa,4/4/2018,Health Coach III,Henrieta,Bunker,Sales,University of North West
80,134-51-1008,Ludovico Purshouse,9/17/2018,China,7/27/2018,Geologist II,Ludovico,Purshouse,Research and Development,Sichuan International Studies University
81,416-17-6471,Cornall Aitkenhead,9/15/2018,Laos,4/23/2018,Payment Adjustment Coordinator,Cornall,Aitkenhead,Legal,National University of Laos
82,819-29-4231,Son Hallard,3/29/2018,Philippines,7/8/2018,Engineer III,Son,Hallard,Engineering,University of Mindanao
83,448-14-9312,Jolee Boston,10/3/2018,China,7/12/2018,Marketing Manager,Jolee,Boston,Engineering,Wuhan University School of Medicine
84,754-60-1231,Shae Whiteson,7/23/2018,Brazil,5/28/2018,Financial Advisor,Shae,Whiteson,Services,Universidade de Marília
85,528-46-9607,Edythe Arkley,9/15/2018,Russia,6/10/2018,Structural Analysis Engineer,Edythe,Arkley,Human Resources,Tula State University
86,746-26-1612,Cherianne Steketee,9/1/2018,China,9/5/2018,Sales Associate,Cherianne,Steketee,Accounting,Beijing International Studies University
87,811-50-1836,Chery Marielle,8/16/2018,Sweden,11/29/2017,Environmental Specialist,Chery,Marielle,Business Development,Örebro University
88,638-02-6034,Xylina Pickworth,11/20/2017,Philippines,5/8/2018,Account Executive,Xylina,Pickworth,Research and Development,Manuel S. Enverga University Foundation
89,113-90-6397,Von Dresche,3/9/2018,Guam,10/31/2017,Teacher,Von,Dresche,Product Management,University of Guam
90,507-32-8731,Shir McKeighen,11/8/2017,Ukraine,7/26/2018,Analog Circuit Design manager,Shir,McKeighen,Support,Zaporizhzhe National Technical University
91,657-19-0968,Bevin Dursley,9/14/2018,Czech Republic,10/23/2017,Research Associate,Bevin,Dursley,Services,Silesian University
92,654-57-4466,Christalle Easman,3/20/2018,China,11/24/2017,Assistant Media Planner,Christalle,Easman,Accounting,Xi'an Jiaotong University
93,588-73-9177,Ivor McAllaster,4/17/2018,South Korea,7/14/2018,Analyst Programmer,Ivor,McAllaster,Engineering,Sahmyook University
94,795-15-2334,Tod Frisch,6/14/2018,China,3/1/2018,Assistant Manager,Tod,Frisch,Support,Qinghai Radio & Television University
95,169-35-5581,Kendre MacCart,5/30/2018,New Zealand,10/1/2018,Database Administrator I,Kendre,MacCart,Marketing,Lincoln University
96,399-71-4924,Kym Icom,8/28/2018,Russia,3/18/2018,Social Worker,Kym,Icom,Accounting,Yaroslavl State Medical Academy
97,899-95-9261,Melita Elsay,1/23/2018,United States,6/30/2018,Desktop Support Technician,Melita,Elsay,Human Resources,Indiana University (System)
98,358-78-0390,Chalmers Boone,7/19/2018,Colombia,12/28/2017,Community Outreach Specialist,Chalmers,Boone,Training,Universidad Autónoma de Manizales
99,685-80-5963,Marge Armin,12/12/2017,Mozambique,1/20/2018,Senior Developer,Marge,Armin,Marketing,Universidade Católica de Moçambique
100,267-96-8197,Vickie Given,9/25/2018,China,10/13/2018,Technical Writer,Vickie,Given,Legal,Guangxi University for Nationalities



